Средний балл,Среднее кол-во У в месяц,Среднее кол-во Б в месяц,Среднее кол-во Н в месяц,Успешный
3.807017543859649,2.111111111111111,20.33333333333333,2.555555555555556,0
3.6,2.111111111111111,20.33333333333333,2.555555555555556,0
3.852941176470588,2.111111111111111,20.33333333333333,2.555555555555556,0
3.6666666666666665,2.111111111111111,20.33333333333333,2.555555555555556,0
3.902439024390244,2.111111111111111,20.33333333333333,2.555555555555556,0
3.8392857142857135,2.111111111111111,20.33333333333333,2.555555555555556,0
3.8,2.111111111111111,20.33333333333333,2.555555555555556,0
3.83,2.111111111111111,20.33333333333333,2.555555555555556,0
3.86,2.111111111111111,20.33333333333333,2.555555555555556,0
3.382978723404255,4.888888888888889,13.77777777777778,2.888888888888889,0
3.212121212121212,4.888888888888889,13.77777777777778,2.888888888888889,0
3.4838709677419355,4.888888888888889,13.77777777777778,2.888888888888889,0
3.316666666666667,4.888888888888889,13.77777777777778,2.888888888888889,0
3.342857142857143,4.888888888888889,13.77777777777778,2.888888888888889,0
3.3,4.888888888888889,13.77777777777778,2.888888888888889,0
3.15,4.888888888888889,13.77777777777778,2.888888888888889,0
3.261904761904762,4.888888888888889,13.77777777777778,2.888888888888889,0
3.304878048780488,4.888888888888889,13.77777777777778,2.888888888888889,0
2.9655172413793105,3.25,7.25,1.125,0
2.9722222222222223,3.25,7.25,1.125,0
3.0853658536585367,3.25,7.25,1.125,0
3.1666666666666665,3.25,7.25,1.125,0
3.15,3.25,7.25,1.125,0
3.048076923076923,3.25,7.25,1.125,0
3.08974358974359,3.25,7.25,1.125,0
3.108695652173913,3.25,7.25,1.125,0
3.317073170731707,3.25,7.25,1.125,0
3.842592592592593,11.5,3.375,1.0,0
3.702702702702703,11.5,3.375,1.0,0
3.6463414634146334,11.5,3.375,1.0,0
3.576923076923077,11.5,3.375,1.0,0
3.566666666666667,11.5,3.375,1.0,0
3.518181818181818,11.5,3.375,1.0,0
3.75,11.5,3.375,1.0,0
3.525,11.5,3.375,1.0,0
4.015151515151516,11.5,3.375,1.0,0
3.298245614035088,11.5,8.125,1.5,0
3.076923076923077,11.5,8.125,1.5,0
3.160377358490566,11.5,8.125,1.5,0
3.35,11.5,8.125,1.5,0
3.2222222222222223,11.5,8.125,1.5,0
3.163636363636364,11.5,8.125,1.5,0
3.1041666666666665,11.5,8.125,1.5,0
3.238805970149253,11.5,8.125,1.5,0
3.4,11.5,8.125,1.5,0
4.068965517241379,3.6,5.6,0.8,1
4.093023255813954,3.6,5.6,0.8,1
4.088235294117647,3.6,5.6,0.8,1
4.056818181818182,3.6,5.6,0.8,1
4.076923076923077,3.6,5.6,0.8,1
3.845454545454545,3.6,5.6,0.8,1
3.926470588235294,3.6,5.6,0.8,1
3.9130434782608696,3.6,5.6,0.8,1
3.934210526315789,3.6,5.6,0.8,1
3.3548387096774195,5.875,9.125,1.5,0
3.1707317073170733,5.875,9.125,1.5,0
3.56,5.875,9.125,1.5,0
3.548387096774193,5.875,9.125,1.5,0
3.5121951219512195,5.875,9.125,1.5,0
3.486111111111111,5.875,9.125,1.5,0
3.103448275862069,5.875,9.125,1.5,0
3.5625,5.875,9.125,1.5,0
3.5694444444444446,5.875,9.125,1.5,0
3.8181818181818175,14.88888888888889,14.444444444444445,3.291666666666667,0
3.686046511627907,14.88888888888889,14.444444444444445,3.291666666666667,0
3.75,14.88888888888889,14.444444444444445,3.291666666666667,0
3.642857142857143,14.88888888888889,14.444444444444445,3.291666666666667,0
3.65,14.88888888888889,14.444444444444445,3.291666666666667,0
3.310810810810811,14.88888888888889,14.444444444444445,3.291666666666667,0
3.446428571428572,14.88888888888889,14.444444444444445,3.291666666666667,0
3.6,14.88888888888889,14.444444444444445,3.291666666666667,0
3.533333333333333,14.88888888888889,14.444444444444445,3.291666666666667,0
3.8620689655172415,11.142857142857142,0.0,0.2857142857142857,1
3.701923076923077,11.142857142857142,0.0,0.2857142857142857,1
3.9745762711864407,11.142857142857142,0.0,0.2857142857142857,1
3.914285714285714,11.142857142857142,0.0,0.2857142857142857,1
3.731707317073171,11.142857142857142,0.0,0.2857142857142857,1
3.7545454545454544,11.142857142857142,0.0,0.2857142857142857,1
3.65625,11.142857142857142,0.0,0.2857142857142857,1
4.078125,11.142857142857142,0.0,0.2857142857142857,1
4.305555555555555,11.142857142857142,0.0,0.2857142857142857,1
4.186440677966102,20.5,3.875,1.75,1
3.611111111111111,20.5,3.875,1.75,1
4.141304347826087,20.5,3.875,1.75,1
4.17741935483871,20.5,3.875,1.75,1
3.939393939393939,20.5,3.875,1.75,1
4.117021276595745,20.5,3.875,1.75,1
3.779411764705882,20.5,3.875,1.75,1
4.238095238095238,20.5,3.875,1.75,1
4.340909090909091,20.5,3.875,1.75,1
3.380952380952381,5.0,4.0,1.1666666666666667,0
3.025641025641025,5.0,4.0,1.1666666666666667,0
3.425925925925926,5.0,4.0,1.1666666666666667,0
3.3125,5.0,4.0,1.1666666666666667,0
3.3846153846153846,5.0,4.0,1.1666666666666667,0
3.3867924528301887,5.0,4.0,1.1666666666666667,0
3.0625,5.0,4.0,1.1666666666666667,0
3.4375,5.0,4.0,1.1666666666666667,0
3.5,5.0,4.0,1.1666666666666667,0
3.4473684210526314,6.875,3.75,0.75,0
3.4347826086956523,6.875,3.75,0.75,0
3.564814814814815,6.875,3.75,0.75,0
3.757142857142857,6.875,3.75,0.75,0
3.414634146341464,6.875,3.75,0.75,0
3.4285714285714284,6.875,3.75,0.75,0
3.413793103448276,6.875,3.75,0.75,0
3.638888888888889,6.875,3.75,0.75,0
3.9696969696969697,6.875,3.75,0.75,0
3.9375,9.125,7.875,1.875,0
3.689189189189189,9.125,7.875,1.875,0
3.784090909090909,9.125,7.875,1.875,0
4.293103448275862,9.125,7.875,1.875,0
3.775,9.125,7.875,1.875,0
3.826530612244898,9.125,7.875,1.875,0
3.546875,9.125,7.875,1.875,0
3.7547169811320753,9.125,7.875,1.875,0
3.625,9.125,7.875,1.875,0
3.982456140350877,3.4444444444444446,15.0,2.111111111111111,1
3.880952380952381,3.4444444444444446,15.0,2.111111111111111,1
4.196428571428571,3.4444444444444446,15.0,2.111111111111111,1
4.2631578947368425,3.4444444444444446,15.0,2.111111111111111,1
4.15,3.4444444444444446,15.0,2.111111111111111,1
3.918918918918919,3.4444444444444446,15.0,2.111111111111111,1
3.887096774193549,3.4444444444444446,15.0,2.111111111111111,1
4.076923076923077,3.4444444444444446,15.0,2.111111111111111,1
3.640625,3.4444444444444446,15.0,2.111111111111111,1
3.4915254237288136,18.88888888888889,0.1111111111111111,2.555555555555556,0
3.6666666666666665,18.88888888888889,0.1111111111111111,2.555555555555556,0
3.5945945945945947,18.88888888888889,0.1111111111111111,2.555555555555556,0
3.821428571428572,18.88888888888889,0.1111111111111111,2.555555555555556,0
3.41025641025641,18.88888888888889,0.1111111111111111,2.555555555555556,0
3.49,18.88888888888889,0.1111111111111111,2.555555555555556,0
3.375,18.88888888888889,0.1111111111111111,2.555555555555556,0
3.682692307692308,18.88888888888889,0.1111111111111111,2.555555555555556,0
3.6805555555555554,18.88888888888889,0.1111111111111111,2.555555555555556,0
3.959183673469388,13.166666666666666,13.333333333333334,1.3333333333333333,1
3.793478260869565,13.166666666666666,13.333333333333334,1.3333333333333333,1
3.855555555555556,13.166666666666666,13.333333333333334,1.3333333333333333,1
3.932432432432433,13.166666666666666,13.333333333333334,1.3333333333333333,1
4.0,13.166666666666666,13.333333333333334,1.3333333333333333,1
3.8552631578947367,13.166666666666666,13.333333333333334,1.3333333333333333,1
3.734375,13.166666666666666,13.333333333333334,1.3333333333333333,1
3.625,13.166666666666666,13.333333333333334,1.3333333333333333,1
3.951612903225808,13.166666666666666,13.333333333333334,1.3333333333333333,1
3.543859649122807,14.0,0.0,1.5,0
3.160377358490566,14.0,0.0,1.5,0
3.4245283018867925,14.0,0.0,1.5,0
3.446428571428572,14.0,0.0,1.5,0
3.3617021276595747,14.0,0.0,1.5,0
3.273809523809524,14.0,0.0,1.5,0
3.324324324324324,14.0,0.0,1.5,0
3.4411764705882355,14.0,0.0,1.5,0
3.763157894736842,14.0,0.0,1.5,0
3.21875,10.77777777777778,7.0,3.291666666666667,0
3.1323529411764706,10.77777777777778,7.0,3.291666666666667,0
3.325,10.77777777777778,7.0,3.291666666666667,0
3.25,10.77777777777778,7.0,3.291666666666667,0
3.1142857142857143,10.77777777777778,7.0,3.291666666666667,0
3.127659574468085,10.77777777777778,7.0,3.291666666666667,0
3.083333333333333,10.77777777777778,7.0,3.291666666666667,0
3.355769230769231,10.77777777777778,7.0,3.291666666666667,0
3.0142857142857142,10.77777777777778,7.0,3.291666666666667,0
3.515625,13.625,0.0,1.75,0
3.342592592592593,13.625,0.0,1.75,0
3.4038461538461537,13.625,0.0,1.75,0
3.7903225806451615,13.625,0.0,1.75,0
3.6944444444444446,13.625,0.0,1.75,0
3.276595744680851,13.625,0.0,1.75,0
3.1625,13.625,0.0,1.75,0
3.4661016949152543,13.625,0.0,1.75,0
3.5,13.625,0.0,1.75,0
3.292682926829268,8.0,22.315625,2.111111111111111,0
3.130434782608696,8.0,22.315625,2.111111111111111,0
3.0609756097560976,8.0,22.315625,2.111111111111111,0
3.15,8.0,22.315625,2.111111111111111,0
3.282051282051282,8.0,22.315625,2.111111111111111,0
3.1451612903225805,8.0,22.315625,2.111111111111111,0
2.9393939393939394,8.0,22.315625,2.111111111111111,0
3.090909090909091,8.0,22.315625,2.111111111111111,0
3.293103448275862,8.0,22.315625,2.111111111111111,0
4.056603773584905,17.625,1.625,0.875,1
3.8055555555555554,17.625,1.625,0.875,1
3.9,17.625,1.625,0.875,1
3.9130434782608696,17.625,1.625,0.875,1
4.026315789473684,17.625,1.625,0.875,1
3.8369565217391295,17.625,1.625,0.875,1
3.5166666666666666,17.625,1.625,0.875,1
3.939393939393939,17.625,1.625,0.875,1
4.303030303030303,17.625,1.625,0.875,1
4.30188679245283,15.444444444444445,12.555555555555555,1.2222222222222223,1
4.1,15.444444444444445,12.555555555555555,1.2222222222222223,1
4.368421052631579,15.444444444444445,12.555555555555555,1.2222222222222223,1
4.488372093023256,15.444444444444445,12.555555555555555,1.2222222222222223,1
4.638888888888889,15.444444444444445,12.555555555555555,1.2222222222222223,1
4.375,15.444444444444445,12.555555555555555,1.2222222222222223,1
4.4324324324324325,15.444444444444445,12.555555555555555,1.2222222222222223,1
4.54054054054054,15.444444444444445,12.555555555555555,1.2222222222222223,1
4.638888888888889,15.444444444444445,12.555555555555555,1.2222222222222223,1
4.036363636363636,12.0,7.428571428571429,1.8571428571428568,1
3.8142857142857145,12.0,7.428571428571429,1.8571428571428568,1
3.872727272727273,12.0,7.428571428571429,1.8571428571428568,1
4.107142857142857,12.0,7.428571428571429,1.8571428571428568,1
3.8205128205128207,12.0,7.428571428571429,1.8571428571428568,1
3.7857142857142856,12.0,7.428571428571429,1.8571428571428568,1
3.3181818181818183,12.0,7.428571428571429,1.8571428571428568,1
4.087301587301587,12.0,7.428571428571429,1.8571428571428568,1
4.176470588235294,12.0,7.428571428571429,1.8571428571428568,1
3.5675675675675675,6.666666666666667,5.555555555555555,2.111111111111111,0
3.475,6.666666666666667,5.555555555555555,2.111111111111111,0
3.583333333333333,6.666666666666667,5.555555555555555,2.111111111111111,0
3.548387096774193,6.666666666666667,5.555555555555555,2.111111111111111,0
3.555555555555556,6.666666666666667,5.555555555555555,2.111111111111111,0
3.861702127659575,6.666666666666667,5.555555555555555,2.111111111111111,0
4.083333333333333,6.666666666666667,5.555555555555555,2.111111111111111,0
3.709090909090909,6.666666666666667,5.555555555555555,2.111111111111111,0
3.9305555555555554,6.666666666666667,5.555555555555555,2.111111111111111,0
3.6666666666666665,10.0,22.315625,1.4444444444444444,0
3.625,10.0,22.315625,1.4444444444444444,0
3.75,10.0,22.315625,1.4444444444444444,0
4.166666666666667,10.0,22.315625,1.4444444444444444,0
4.12,10.0,22.315625,1.4444444444444444,0
3.824324324324324,10.0,22.315625,1.4444444444444444,0
3.642857142857143,10.0,22.315625,1.4444444444444444,0
3.75,10.0,22.315625,1.4444444444444444,0
4.115384615384615,10.0,22.315625,1.4444444444444444,0
3.73469387755102,10.625,19.125,0.375,0
3.4342105263157894,10.625,19.125,0.375,0
3.283783783783784,10.625,19.125,0.375,0
3.573529411764706,10.625,19.125,0.375,0
3.586206896551724,10.625,19.125,0.375,0
3.5277777777777777,10.625,19.125,0.375,0
3.9210526315789473,10.625,19.125,0.375,0
3.607142857142857,10.625,19.125,0.375,0
3.9737529294656952,10.625,19.125,0.375,0
3.1538461538461537,8.125,22.315625,1.375,0
3.1875,8.125,22.315625,1.375,0
3.049019607843137,8.125,22.315625,1.375,0
3.0,8.125,22.315625,1.375,0
3.0526315789473686,8.125,22.315625,1.375,0
3.1481481481481484,8.125,22.315625,1.375,0
3.397058823529412,8.125,22.315625,1.375,0
2.894736842105264,8.125,22.315625,1.375,0
3.9737529294656952,8.125,22.315625,1.375,0
2.956140350877193,5.666666666666667,0.3333333333333333,0.0,0
2.953703703703704,5.666666666666667,0.3333333333333333,0.0,0
3.033333333333333,5.666666666666667,0.3333333333333333,0.0,0
3.0625,5.666666666666667,0.3333333333333333,0.0,0
2.892857142857143,5.666666666666667,0.3333333333333333,0.0,0
3.0098039215686274,5.666666666666667,0.3333333333333333,0.0,0
3.0694444444444446,5.666666666666667,0.3333333333333333,0.0,0
2.7045454545454546,5.666666666666667,0.3333333333333333,0.0,0
3.9737529294656952,5.666666666666667,0.3333333333333333,0.0,0
3.8191489361702127,15.2,0.4,0.0,0
3.862745098039216,15.2,0.4,0.0,0
3.8297872340425534,15.2,0.4,0.0,0
3.731707317073171,15.2,0.4,0.0,0
3.628571428571429,15.2,0.4,0.0,0
3.625,15.2,0.4,0.0,0
3.290322580645161,15.2,0.4,0.0,0
2.833333333333333,15.2,0.4,0.0,0
3.9737529294656952,15.2,0.4,0.0,0
3.317073170731707,2.0,5.5,2.5,0
3.201923076923077,2.0,5.5,2.5,0
3.0508474576271185,2.0,5.5,2.5,0
3.2291666666666665,2.0,5.5,2.5,0
2.9069767441860463,2.0,5.5,2.5,0
3.009433962264151,2.0,5.5,2.5,0
3.125,2.0,5.5,2.5,0
2.833333333333333,2.0,5.5,2.5,0
3.9737529294656952,2.0,5.5,2.5,0
4.428571428571429,0.3333333333333333,0.0,0.6666666666666666,1
4.447916666666667,0.3333333333333333,0.0,0.6666666666666666,1
4.076271186440678,0.3333333333333333,0.0,0.6666666666666666,1
4.204545454545454,0.3333333333333333,0.0,0.6666666666666666,1
4.345238095238095,0.3333333333333333,0.0,0.6666666666666666,1
3.989130434782609,0.3333333333333333,0.0,0.6666666666666666,1
3.8783783783783785,0.3333333333333333,0.0,0.6666666666666666,1
4.090909090909091,0.3333333333333333,0.0,0.6666666666666666,1
3.9737529294656952,0.3333333333333333,0.0,0.6666666666666666,1
3.725490196078432,5.4,0.0,0.2,0
3.574074074074074,5.4,0.0,0.2,0
3.542553191489361,5.4,0.0,0.2,0
3.731707317073171,5.4,0.0,0.2,0
3.661290322580645,5.4,0.0,0.2,0
3.3974358974358974,5.4,0.0,0.2,0
3.5625,5.4,0.0,0.2,0
3.575,5.4,0.0,0.2,0
3.9737529294656952,5.4,0.0,0.2,0
3.702380952380953,12.5,13.625,3.291666666666667,0
3.4857142857142858,12.5,13.625,3.291666666666667,0
3.630952380952381,12.5,13.625,3.291666666666667,0
3.5517241379310347,12.5,13.625,3.291666666666667,0
3.5609756097560976,12.5,13.625,3.291666666666667,0
3.5,12.5,13.625,3.291666666666667,0
3.87037037037037,12.5,13.625,3.291666666666667,0
3.1785714285714284,12.5,13.625,3.291666666666667,0
3.9737529294656952,12.5,13.625,3.291666666666667,0
4.196428571428571,15.333333333333334,1.0,0.3333333333333333,1
4.076923076923077,15.333333333333334,1.0,0.3333333333333333,1
3.93,15.333333333333334,1.0,0.3333333333333333,1
4.09375,15.333333333333334,1.0,0.3333333333333333,1
4.2926829268292686,15.333333333333334,1.0,0.3333333333333333,1
4.011627906976744,15.333333333333334,1.0,0.3333333333333333,1
4.226190476190476,15.333333333333334,1.0,0.3333333333333333,1
3.675,15.333333333333334,1.0,0.3333333333333333,1
3.9737529294656952,15.333333333333334,1.0,0.3333333333333333,1
4.0638297872340425,15.75,5.125,0.25,1
4.127659574468085,15.75,5.125,0.25,1
4.117647058823529,15.75,5.125,0.25,1
4.021739130434782,15.75,5.125,0.25,1
3.8225806451612905,15.75,5.125,0.25,1
4.119047619047619,15.75,5.125,0.25,1
3.4722222222222223,15.75,5.125,0.25,1
3.692307692307693,15.75,5.125,0.25,1
3.9737529294656952,15.75,5.125,0.25,1
3.196078431372549,9.25,0.0,0.0,0
3.5625,9.25,0.0,0.0,0
3.289473684210526,9.25,0.0,0.0,0
3.63953488372093,9.25,0.0,0.0,0
3.1323529411764706,9.25,0.0,0.0,0
3.242857142857143,9.25,0.0,0.0,0
2.8,9.25,0.0,0.0,0
3.055555555555556,9.25,0.0,0.0,0
3.9737529294656952,9.25,0.0,0.0,0
3.764705882352941,7.0,9.5,3.291666666666667,0
3.518867924528302,7.0,9.5,3.291666666666667,0
3.5901639344262297,7.0,9.5,3.291666666666667,0
3.489583333333333,7.0,9.5,3.291666666666667,0
3.890243902439024,7.0,9.5,3.291666666666667,0
3.3783783783783785,7.0,9.5,3.291666666666667,0
3.554054054054054,7.0,9.5,3.291666666666667,0
3.217391304347826,7.0,9.5,3.291666666666667,0
3.9737529294656952,7.0,9.5,3.291666666666667,0
4.24,11.333333333333334,0.1666666666666666,1.8333333333333333,1
4.108695652173913,11.333333333333334,0.1666666666666666,1.8333333333333333,1
4.095744680851064,11.333333333333334,0.1666666666666666,1.8333333333333333,1
4.0,11.333333333333334,0.1666666666666666,1.8333333333333333,1
3.371794871794872,11.333333333333334,0.1666666666666666,1.8333333333333333,1
3.619565217391304,11.333333333333334,0.1666666666666666,1.8333333333333333,1
3.678571428571429,11.333333333333334,0.1666666666666666,1.8333333333333333,1
3.857142857142857,11.333333333333334,0.1666666666666666,1.8333333333333333,1
3.9737529294656952,11.333333333333334,0.1666666666666666,1.8333333333333333,1
4.072727272727272,8.857142857142858,0.1428571428571428,0.2857142857142857,1
4.145833333333333,8.857142857142858,0.1428571428571428,0.2857142857142857,1
3.9107142857142856,8.857142857142858,0.1428571428571428,0.2857142857142857,1
4.035714285714286,8.857142857142858,0.1428571428571428,0.2857142857142857,1
3.65,8.857142857142858,0.1428571428571428,0.2857142857142857,1
3.702380952380953,8.857142857142858,0.1428571428571428,0.2857142857142857,1
3.797297297297298,8.857142857142858,0.1428571428571428,0.2857142857142857,1
3.65,8.857142857142858,0.1428571428571428,0.2857142857142857,1
3.9737529294656952,8.857142857142858,0.1428571428571428,0.2857142857142857,1
3.6219512195121952,17.142857142857142,3.4285714285714284,1.2857142857142858,0
3.736842105263158,17.142857142857142,3.4285714285714284,1.2857142857142858,0
3.436170212765957,17.142857142857142,3.4285714285714284,1.2857142857142858,0
3.690476190476191,17.142857142857142,3.4285714285714284,1.2857142857142858,0
3.317073170731707,17.142857142857142,3.4285714285714284,1.2857142857142858,0
3.3285714285714287,17.142857142857142,3.4285714285714284,1.2857142857142858,0
3.625,17.142857142857142,3.4285714285714284,1.2857142857142858,0
3.4166666666666665,17.142857142857142,3.4285714285714284,1.2857142857142858,0
3.9737529294656952,17.142857142857142,3.4285714285714284,1.2857142857142858,0
4.072916666666667,6.8,0.0,0.4,1
4.06,6.8,0.0,0.4,1
3.7884615384615374,6.8,0.0,0.4,1
4.022222222222222,6.8,0.0,0.4,1
4.130434782608695,6.8,0.0,0.4,1
3.8125,6.8,0.0,0.4,1
3.671875,6.8,0.0,0.4,1
3.8260869565217392,6.8,0.0,0.4,1
3.9737529294656952,6.8,0.0,0.4,1
3.457627118644068,2.75,0.0,1.25,0
3.6354166666666665,2.75,0.0,1.25,0
3.419642857142857,2.75,0.0,1.25,0
3.4444444444444446,2.75,0.0,1.25,0
3.1547619047619047,2.75,0.0,1.25,0
3.269230769230769,2.75,0.0,1.25,0
3.5303030303030303,2.75,0.0,1.25,0
3.333333333333333,2.75,0.0,1.25,0
3.9737529294656952,2.75,0.0,1.25,0
3.339622641509434,9.5,10.625,1.25,0
3.1923076923076925,9.5,10.625,1.25,0
3.3421052631578947,9.5,10.625,1.25,0
3.3404255319148937,9.5,10.625,1.25,0
2.9714285714285715,9.5,10.625,1.25,0
3.0625,9.5,10.625,1.25,0
3.111111111111111,9.5,10.625,1.25,0
2.8,9.5,10.625,1.25,0
3.9737529294656952,9.5,10.625,1.25,0
3.8068181818181817,6.0,0.0,0.5,1
4.0,6.0,0.0,0.5,1
4.057692307692308,6.0,0.0,0.5,1
4.244897959183674,6.0,0.0,0.5,1
3.875,6.0,0.0,0.5,1
3.7222222222222223,6.0,0.0,0.5,1
3.571428571428572,6.0,0.0,0.5,1
3.690476190476191,6.0,0.0,0.5,1
3.9737529294656952,6.0,0.0,0.5,1
3.2906976744186047,12.375,12.0,1.125,0
3.1578947368421053,12.375,12.0,1.125,0
3.1486486486486487,12.375,12.0,1.125,0
3.305555555555556,12.375,12.0,1.125,0
2.9642857142857144,12.375,12.0,1.125,0
3.06,12.375,12.0,1.125,0
3.0625,12.375,12.0,1.125,0
2.6984687609687614,12.375,12.0,1.125,0
3.9737529294656952,12.375,12.0,1.125,0
4.166666666666667,9.25,9.125,2.5,1
3.783783783783784,9.25,9.125,2.5,1
3.952380952380953,9.25,9.125,2.5,1
4.047619047619048,9.25,9.125,2.5,1
4.288461538461538,9.25,9.125,2.5,1
3.907407407407408,9.25,9.125,2.5,1
4.045454545454546,9.25,9.125,2.5,1
3.411764705882353,9.25,9.125,2.5,1
3.9737529294656952,9.25,9.125,2.5,1
4.416666666666667,12.285714285714286,4.0,2.142857142857143,1
4.541666666666667,12.285714285714286,4.0,2.142857142857143,1
4.267441860465116,12.285714285714286,4.0,2.142857142857143,1
4.519607843137255,12.285714285714286,4.0,2.142857142857143,1
4.714285714285714,12.285714285714286,4.0,2.142857142857143,1
4.482758620689655,12.285714285714286,4.0,2.142857142857143,1
4.068181818181818,12.285714285714286,4.0,2.142857142857143,1
3.9583333333333335,12.285714285714286,4.0,2.142857142857143,1
3.9737529294656952,12.285714285714286,4.0,2.142857142857143,1
4.090909090909091,3.4,2.6,0.6,1
4.047619047619048,3.4,2.6,0.6,1
4.13265306122449,3.4,2.6,0.6,1
3.7857142857142856,3.4,2.6,0.6,1
3.571428571428572,3.4,2.6,0.6,1
3.695121951219512,3.4,2.6,0.6,1
3.46875,3.4,2.6,0.6,1
3.1052631578947367,3.4,2.6,0.6,1
3.9737529294656952,3.4,2.6,0.6,1
3.7788461538461537,1.6,6.2,1.6,1
4.294117647058823,1.6,6.2,1.6,1
4.109090909090909,1.6,6.2,1.6,1
4.102564102564102,1.6,6.2,1.6,1
3.838709677419355,1.6,6.2,1.6,1
3.670731707317073,1.6,6.2,1.6,1
3.965517241379312,1.6,6.2,1.6,1
3.25,1.6,6.2,1.6,1
3.9737529294656952,1.6,6.2,1.6,1
4.153846153846154,13.375,3.25,2.125,1
4.170212765957447,13.375,3.25,2.125,1
3.967741935483871,13.375,3.25,2.125,1
4.175,13.375,3.25,2.125,1
4.074074074074074,13.375,3.25,2.125,1
3.924242424242424,13.375,3.25,2.125,1
4.092592592592593,13.375,3.25,2.125,1
4.0,13.375,3.25,2.125,1
3.9737529294656952,13.375,3.25,2.125,1
4.387755102040816,1.4,0.0,0.4,1
4.413793103448276,1.4,0.0,0.4,1
4.358974358974359,1.4,0.0,0.4,1
4.242857142857143,1.4,0.0,0.4,1
4.385714285714286,1.4,0.0,0.4,1
4.203125,1.4,0.0,0.4,1
4.333333333333333,1.4,0.0,0.4,1
4.277777777777778,1.4,0.0,0.4,1
4.305555555555555,1.4,0.0,0.4,1
4.886363636363637,4.0,3.2222222222222223,1.0,1
4.933333333333334,4.0,3.2222222222222223,1.0,1
4.914285714285715,4.0,3.2222222222222223,1.0,1
4.979166666666667,4.0,3.2222222222222223,1.0,1
5.0,4.0,3.2222222222222223,1.0,1
4.928571428571429,4.0,3.2222222222222223,1.0,1
4.9,4.0,3.2222222222222223,1.0,1
4.948979591836735,4.0,3.2222222222222223,1.0,1
5.0,4.0,3.2222222222222223,1.0,1
3.976744186046512,5.0,2.555555555555556,0.2222222222222222,1
4.32258064516129,5.0,2.555555555555556,0.2222222222222222,1
4.261904761904762,5.0,2.555555555555556,0.2222222222222222,1
4.08,5.0,2.555555555555556,0.2222222222222222,1
4.303030303030303,5.0,2.555555555555556,0.2222222222222222,1
4.153846153846154,5.0,2.555555555555556,0.2222222222222222,1
4.190476190476191,5.0,2.555555555555556,0.2222222222222222,1
4.215909090909091,5.0,2.555555555555556,0.2222222222222222,1
4.083333333333333,5.0,2.555555555555556,0.2222222222222222,1
4.659090909090909,4.428571428571429,1.4285714285714286,0.7142857142857143,1
4.580645161290323,4.428571428571429,1.4285714285714286,0.7142857142857143,1
4.631578947368421,4.428571428571429,1.4285714285714286,0.7142857142857143,1
4.866666666666666,4.428571428571429,1.4285714285714286,0.7142857142857143,1
4.720588235294118,4.428571428571429,1.4285714285714286,0.7142857142857143,1
4.65,4.428571428571429,1.4285714285714286,0.7142857142857143,1
4.8,4.428571428571429,1.4285714285714286,0.7142857142857143,1
4.756410256410256,4.428571428571429,1.4285714285714286,0.7142857142857143,1
4.7368421052631575,4.428571428571429,1.4285714285714286,0.7142857142857143,1
4.1395348837209305,4.285714285714286,0.0,0.8571428571428571,1
4.178571428571429,4.285714285714286,0.0,0.8571428571428571,1
4.461538461538462,4.285714285714286,0.0,0.8571428571428571,1
4.5,4.285714285714286,0.0,0.8571428571428571,1
4.403225806451613,4.285714285714286,0.0,0.8571428571428571,1
4.224137931034483,4.285714285714286,0.0,0.8571428571428571,1
4.428571428571429,4.285714285714286,0.0,0.8571428571428571,1
4.4125,4.285714285714286,0.0,0.8571428571428571,1
4.131578947368421,4.285714285714286,0.0,0.8571428571428571,1
4.142857142857143,4.428571428571429,0.0,0.8571428571428571,1
4.266666666666667,4.428571428571429,0.0,0.8571428571428571,1
4.512820512820513,4.428571428571429,0.0,0.8571428571428571,1
4.458333333333333,4.428571428571429,0.0,0.8571428571428571,1
4.387096774193548,4.428571428571429,0.0,0.8571428571428571,1
4.209677419354839,4.428571428571429,0.0,0.8571428571428571,1
4.285714285714286,4.428571428571429,0.0,0.8571428571428571,1
4.421052631578948,4.428571428571429,0.0,0.8571428571428571,1
4.078947368421052,4.428571428571429,0.0,0.8571428571428571,1
3.5681818181818183,3.1666666666666665,1.5,0.6666666666666666,1
3.735294117647059,3.1666666666666665,1.5,0.6666666666666666,1
3.975,3.1666666666666665,1.5,0.6666666666666666,1
4.114285714285714,3.1666666666666665,1.5,0.6666666666666666,1
4.035714285714286,3.1666666666666665,1.5,0.6666666666666666,1
3.5,3.1666666666666665,1.5,0.6666666666666666,1
3.9166666666666665,3.1666666666666665,1.5,0.6666666666666666,1
3.840909090909091,3.1666666666666665,1.5,0.6666666666666666,1
3.6944444444444446,3.1666666666666665,1.5,0.6666666666666666,1
3.404255319148936,2.8,0.0,0.6,0
3.774193548387097,2.8,0.0,0.6,0
3.4651162790697674,2.8,0.0,0.6,0
4.145161290322581,2.8,0.0,0.6,0
3.735294117647059,2.8,0.0,0.6,0
3.689655172413793,2.8,0.0,0.6,0
3.692307692307693,2.8,0.0,0.6,0
3.607142857142857,2.8,0.0,0.6,0
3.794117647058824,2.8,0.0,0.6,0
3.763157894736842,12.333333333333334,4.666666666666667,3.2222222222222223,0
3.65625,12.333333333333334,4.666666666666667,3.2222222222222223,0
3.5609756097560976,12.333333333333334,4.666666666666667,3.2222222222222223,0
3.803030303030303,12.333333333333334,4.666666666666667,3.2222222222222223,0
3.6,12.333333333333334,4.666666666666667,3.2222222222222223,0
3.7,12.333333333333334,4.666666666666667,3.2222222222222223,0
3.75,12.333333333333334,4.666666666666667,3.2222222222222223,0
3.6538461538461537,12.333333333333334,4.666666666666667,3.2222222222222223,0
3.7857142857142856,12.333333333333334,4.666666666666667,3.2222222222222223,0
3.8125,5.625,7.375,0.875,1
3.857142857142857,5.625,7.375,0.875,1
3.975,5.625,7.375,0.875,1
3.5681818181818183,5.625,7.375,0.875,1
3.96875,5.625,7.375,0.875,1
3.934782608695652,5.625,7.375,0.875,1
3.866666666666666,5.625,7.375,0.875,1
3.9615384615384617,5.625,7.375,0.875,1
3.7777777777777777,5.625,7.375,0.875,1
4.421052631578948,2.833333333333333,6.333333333333333,0.5,1
4.366666666666666,2.833333333333333,6.333333333333333,0.5,1
4.3,2.833333333333333,6.333333333333333,0.5,1
4.328125,2.833333333333333,6.333333333333333,0.5,1
4.25925925925926,2.833333333333333,6.333333333333333,0.5,1
4.282608695652174,2.833333333333333,6.333333333333333,0.5,1
4.35,2.833333333333333,6.333333333333333,0.5,1
4.15,2.833333333333333,6.333333333333333,0.5,1
4.055555555555555,2.833333333333333,6.333333333333333,0.5,1
3.6875,7.555555555555555,4.222222222222222,0.5555555555555556,1
3.7,7.555555555555555,4.222222222222222,0.5555555555555556,1
4.0,7.555555555555555,4.222222222222222,0.5555555555555556,1
3.774193548387097,7.555555555555555,4.222222222222222,0.5555555555555556,1
4.241379310344827,7.555555555555555,4.222222222222222,0.5555555555555556,1
3.772727272727273,7.555555555555555,4.222222222222222,0.5555555555555556,1
4.3,7.555555555555555,4.222222222222222,0.5555555555555556,1
4.017241379310345,7.555555555555555,4.222222222222222,0.5555555555555556,1
3.8,7.555555555555555,4.222222222222222,0.5555555555555556,1
4.043478260869565,0.2,12.6,1.2,1
4.290322580645161,0.2,12.6,1.2,1
4.0,0.2,12.6,1.2,1
4.222222222222222,0.2,12.6,1.2,1
4.314285714285714,0.2,12.6,1.2,1
4.120689655172414,0.2,12.6,1.2,1
4.434782608695652,0.2,12.6,1.2,1
4.055555555555555,0.2,12.6,1.2,1
4.294117647058823,0.2,12.6,1.2,1
4.146341463414634,5.333333333333333,5.166666666666667,0.5,1
3.985294117647059,5.333333333333333,5.166666666666667,0.5,1
4.190476190476191,5.333333333333333,5.166666666666667,0.5,1
4.283783783783784,5.333333333333333,5.166666666666667,0.5,1
4.375,5.333333333333333,5.166666666666667,0.5,1
4.138888888888889,5.333333333333333,5.166666666666667,0.5,1
4.208333333333333,5.333333333333333,5.166666666666667,0.5,1
4.209302325581396,5.333333333333333,5.166666666666667,0.5,1
4.366666666666666,5.333333333333333,5.166666666666667,0.5,1
3.8780487804878048,7.0,4.25,1.875,1
4.208333333333333,7.0,4.25,1.875,1
4.190476190476191,7.0,4.25,1.875,1
4.203703703703703,7.0,4.25,1.875,1
4.397435897435898,7.0,4.25,1.875,1
4.0,7.0,4.25,1.875,1
4.318181818181818,7.0,4.25,1.875,1
4.205882352941177,7.0,4.25,1.875,1
4.2631578947368425,7.0,4.25,1.875,1
4.186046511627907,3.875,4.25,0.25,1
4.115384615384615,3.875,4.25,0.25,1
4.371428571428571,3.875,4.25,0.25,1
4.230769230769231,3.875,4.25,0.25,1
4.206896551724138,3.875,4.25,0.25,1
4.112903225806452,3.875,4.25,0.25,1
4.2,3.875,4.25,0.25,1
4.386363636363637,3.875,4.25,0.25,1
4.277777777777778,3.875,4.25,0.25,1
4.439024390243903,5.25,9.25,0.875,1
4.333333333333333,5.25,9.25,0.875,1
4.282051282051282,5.25,9.25,0.875,1
4.241379310344827,5.25,9.25,0.875,1
4.285714285714286,5.25,9.25,0.875,1
4.28125,5.25,9.25,0.875,1
4.5,5.25,9.25,0.875,1
4.46969696969697,5.25,9.25,0.875,1
4.357142857142857,5.25,9.25,0.875,1
4.318181818181818,1.875,2.0,1.25,1
4.479166666666667,1.875,2.0,1.25,1
4.361111111111111,1.875,2.0,1.25,1
4.580645161290323,1.875,2.0,1.25,1
4.323529411764706,1.875,2.0,1.25,1
4.3,1.875,2.0,1.25,1
4.190476190476191,1.875,2.0,1.25,1
4.35,1.875,2.0,1.25,1
4.357142857142857,1.875,2.0,1.25,1
4.409090909090909,3.333333333333333,0.1666666666666666,1.6666666666666667,1
4.448275862068965,3.333333333333333,0.1666666666666666,1.6666666666666667,1
4.32258064516129,3.333333333333333,0.1666666666666666,1.6666666666666667,1
4.2727272727272725,3.333333333333333,0.1666666666666666,1.6666666666666667,1
4.388888888888889,3.333333333333333,0.1666666666666666,1.6666666666666667,1
4.25925925925926,3.333333333333333,0.1666666666666666,1.6666666666666667,1
4.217391304347826,3.333333333333333,0.1666666666666666,1.6666666666666667,1
4.523255813953488,3.333333333333333,0.1666666666666666,1.6666666666666667,1
4.233333333333333,3.333333333333333,0.1666666666666666,1.6666666666666667,1
4.041666666666667,4.714285714285714,0.8571428571428571,0.5714285714285714,1
3.9375,4.714285714285714,0.8571428571428571,0.5714285714285714,1
3.871794871794872,4.714285714285714,0.8571428571428571,0.5714285714285714,1
3.852941176470588,4.714285714285714,0.8571428571428571,0.5714285714285714,1
4.145161290322581,4.714285714285714,0.8571428571428571,0.5714285714285714,1
3.8846153846153846,4.714285714285714,0.8571428571428571,0.5714285714285714,1
4.130434782608695,4.714285714285714,0.8571428571428571,0.5714285714285714,1
3.891304347826087,4.714285714285714,0.8571428571428571,0.5714285714285714,1
3.84375,4.714285714285714,0.8571428571428571,0.5714285714285714,1
4.232558139534884,7.0,0.8,0.6,1
4.064516129032258,7.0,0.8,0.6,1
4.15625,7.0,0.8,0.6,1
4.016666666666667,7.0,0.8,0.6,1
4.176470588235294,7.0,0.8,0.6,1
3.9038461538461537,7.0,0.8,0.6,1
4.0,7.0,0.8,0.6,1
3.977272727272727,7.0,0.8,0.6,1
3.8055555555555554,7.0,0.8,0.6,1
4.304347826086956,5.571428571428571,1.5714285714285714,1.0,1
4.344827586206897,5.571428571428571,1.5714285714285714,1.0,1
4.352941176470588,5.571428571428571,1.5714285714285714,1.0,1
4.134615384615385,5.571428571428571,1.5714285714285714,1.0,1
4.258620689655173,5.571428571428571,1.5714285714285714,1.0,1
4.173076923076923,5.571428571428571,1.5714285714285714,1.0,1
4.095238095238095,5.571428571428571,1.5714285714285714,1.0,1
4.2,5.571428571428571,1.5714285714285714,1.0,1
4.25,5.571428571428571,1.5714285714285714,1.0,1
4.702702702702703,3.142857142857143,0.8571428571428571,1.1428571428571428,1
4.671875,3.142857142857143,0.8571428571428571,1.1428571428571428,1
4.684210526315789,3.142857142857143,0.8571428571428571,1.1428571428571428,1
4.788461538461538,3.142857142857143,0.8571428571428571,1.1428571428571428,1
4.655172413793103,3.142857142857143,0.8571428571428571,1.1428571428571428,1
4.85,3.142857142857143,0.8571428571428571,1.1428571428571428,1
4.789473684210527,3.142857142857143,0.8571428571428571,1.1428571428571428,1
4.688888888888889,3.142857142857143,0.8571428571428571,1.1428571428571428,1
4.764705882352941,3.142857142857143,0.8571428571428571,1.1428571428571428,1
4.294117647058823,5.8,3.4,0.0,1
4.204081632653061,5.8,3.4,0.0,1
4.641025641025641,5.8,3.4,0.0,1
4.454545454545454,5.8,3.4,0.0,1
4.555555555555555,5.8,3.4,0.0,1
4.516129032258065,5.8,3.4,0.0,1
4.304347826086956,5.8,3.4,0.0,1
4.208333333333333,5.8,3.4,0.0,1
3.9737529294656952,5.8,3.4,0.0,1
4.777777777777778,18.666666666666668,0.0,1.3333333333333333,1
4.804347826086956,18.666666666666668,0.0,1.3333333333333333,1
4.956521739130435,18.666666666666668,0.0,1.3333333333333333,1
4.9393939393939394,18.666666666666668,0.0,1.3333333333333333,1
4.928571428571429,18.666666666666668,0.0,1.3333333333333333,1
5.0,18.666666666666668,0.0,1.3333333333333333,1
4.982758620689655,18.666666666666668,0.0,1.3333333333333333,1
4.769230769230769,18.666666666666668,0.0,1.3333333333333333,1
3.9737529294656952,18.666666666666668,0.0,1.3333333333333333,1
4.166666666666667,4.428571428571429,4.857142857142857,1.1428571428571428,1
3.655555555555555,4.428571428571429,4.857142857142857,1.1428571428571428,1
3.797297297297298,4.428571428571429,4.857142857142857,1.1428571428571428,1
4.052631578947368,4.428571428571429,4.857142857142857,1.1428571428571428,1
3.96875,4.428571428571429,4.857142857142857,1.1428571428571428,1
4.068965517241379,4.428571428571429,4.857142857142857,1.1428571428571428,1
3.857142857142857,4.428571428571429,4.857142857142857,1.1428571428571428,1
3.6818181818181817,4.428571428571429,4.857142857142857,1.1428571428571428,1
3.9737529294656952,4.428571428571429,4.857142857142857,1.1428571428571428,1
4.285714285714286,20.4,0.0,0.8,1
4.648936170212766,20.4,0.0,0.8,1
4.878378378378378,20.4,0.0,0.8,1
4.714285714285714,20.4,0.0,0.8,1
4.827586206896552,20.4,0.0,0.8,1
4.75,20.4,0.0,0.8,1
5.0,20.4,0.0,0.8,1
4.666666666666667,20.4,0.0,0.8,1
3.9737529294656952,20.4,0.0,0.8,1
4.257142857142857,6.571428571428571,0.0,0.5714285714285714,1
4.25,6.571428571428571,0.0,0.5714285714285714,1
4.346153846153846,6.571428571428571,0.0,0.5714285714285714,1
4.1875,6.571428571428571,0.0,0.5714285714285714,1
4.405405405405405,6.571428571428571,0.0,0.5714285714285714,1
4.0,6.571428571428571,0.0,0.5714285714285714,1
4.055555555555555,6.571428571428571,0.0,0.5714285714285714,1
4.181818181818182,6.571428571428571,0.0,0.5714285714285714,1
3.9737529294656952,6.571428571428571,0.0,0.5714285714285714,1
4.193548387096774,6.5,0.0,0.5,1
4.288888888888889,6.5,0.0,0.5,1
4.527777777777778,6.5,0.0,0.5,1
4.294117647058823,6.5,0.0,0.5,1
4.314285714285714,6.5,0.0,0.5,1
4.310344827586207,6.5,0.0,0.5,1
4.357142857142857,6.5,0.0,0.5,1
4.0,6.5,0.0,0.5,1
3.9737529294656952,6.5,0.0,0.5,1
4.193548387096774,4.5,3.8333333333333335,0.1666666666666666,1
3.90625,4.5,3.8333333333333335,0.1666666666666666,1
4.2317073170731705,4.5,3.8333333333333335,0.1666666666666666,1
4.181818181818182,4.5,3.8333333333333335,0.1666666666666666,1
4.151515151515151,4.5,3.8333333333333335,0.1666666666666666,1
4.238095238095238,4.5,3.8333333333333335,0.1666666666666666,1
4.1923076923076925,4.5,3.8333333333333335,0.1666666666666666,1
3.7916666666666665,4.5,3.8333333333333335,0.1666666666666666,1
3.9737529294656952,4.5,3.8333333333333335,0.1666666666666666,1
3.8620689655172415,5.75,0.0,1.75,0
3.6354166666666665,5.75,0.0,1.75,0
3.4047619047619047,5.75,0.0,1.75,0
3.625,5.75,0.0,1.75,0
3.657142857142857,5.75,0.0,1.75,0
3.5,5.75,0.0,1.75,0
3.6666666666666665,5.75,0.0,1.75,0
3.75,5.75,0.0,1.75,0
3.9737529294656952,5.75,0.0,1.75,0
3.689655172413793,2.25,15.0,1.125,0
3.5408163265306123,2.25,15.0,1.125,0
3.947368421052632,2.25,15.0,1.125,0
3.764705882352941,2.25,15.0,1.125,0
4.037037037037037,2.25,15.0,1.125,0
3.4814814814814814,2.25,15.0,1.125,0
3.7916666666666665,2.25,15.0,1.125,0
3.357142857142857,2.25,15.0,1.125,0
3.9737529294656952,2.25,15.0,1.125,0
3.684210526315789,7.125,15.0,1.0,0
3.476744186046512,7.125,15.0,1.0,0
3.272727272727273,7.125,15.0,1.0,0
3.7857142857142856,7.125,15.0,1.0,0
4.0,7.125,15.0,1.0,0
3.807692307692308,7.125,15.0,1.0,0
3.9,7.125,15.0,1.0,0
3.1666666666666665,7.125,15.0,1.0,0
3.9737529294656952,7.125,15.0,1.0,0
4.409090909090909,1.75,7.25,0.0,1
4.083333333333333,1.75,7.25,0.0,1
4.142857142857143,1.75,7.25,0.0,1
4.233333333333333,1.75,7.25,0.0,1
4.235294117647059,1.75,7.25,0.0,1
4.5,1.75,7.25,0.0,1
4.392857142857143,1.75,7.25,0.0,1
4.166666666666667,1.75,7.25,0.0,1
3.9737529294656952,1.75,7.25,0.0,1
3.793103448275862,5.714285714285714,7.857142857142857,0.4285714285714285,0
3.63953488372093,5.714285714285714,7.857142857142857,0.4285714285714285,0
3.546511627906977,5.714285714285714,7.857142857142857,0.4285714285714285,0
3.6296296296296298,5.714285714285714,7.857142857142857,0.4285714285714285,0
3.764705882352941,5.714285714285714,7.857142857142857,0.4285714285714285,0
3.764705882352941,5.714285714285714,7.857142857142857,0.4285714285714285,0
3.5384615384615383,5.714285714285714,7.857142857142857,0.4285714285714285,0
3.5,5.714285714285714,7.857142857142857,0.4285714285714285,0
3.9737529294656952,5.714285714285714,7.857142857142857,0.4285714285714285,0
4.0625,1.5,17.75,0.5,1
4.19,1.5,17.75,0.5,1
4.181818181818182,1.5,17.75,0.5,1
4.303030303030303,1.5,17.75,0.5,1
4.351351351351352,1.5,17.75,0.5,1
4.45,1.5,17.75,0.5,1
4.375,1.5,17.75,0.5,1
3.9583333333333335,1.5,17.75,0.5,1
3.9737529294656952,1.5,17.75,0.5,1
4.037037037037037,5.2,12.4,0.0,1
4.041666666666667,5.2,12.4,0.0,1
4.142857142857143,5.2,12.4,0.0,1
4.151515151515151,5.2,12.4,0.0,1
4.176470588235294,5.2,12.4,0.0,1
4.08,5.2,12.4,0.0,1
4.0,5.2,12.4,0.0,1
3.75,5.2,12.4,0.0,1
3.9737529294656952,5.2,12.4,0.0,1
4.064516129032258,5.875,3.875,1.75,1
4.048780487804878,5.875,3.875,1.75,1
3.8552631578947367,5.875,3.875,1.75,1
4.185185185185185,5.875,3.875,1.75,1
3.5185185185185186,5.875,3.875,1.75,1
4.103448275862069,5.875,3.875,1.75,1
3.9038461538461537,5.875,3.875,1.75,1
3.4,5.875,3.875,1.75,1
3.9737529294656952,5.875,3.875,1.75,1
4.4,1.4,20.4,0.6,1
4.176470588235294,1.4,20.4,0.6,1
4.348837209302325,1.4,20.4,0.6,1
4.28125,1.4,20.4,0.6,1
4.302631578947368,1.4,20.4,0.6,1
4.172413793103448,1.4,20.4,0.6,1
3.9,1.4,20.4,0.6,1
4.076923076923077,1.4,20.4,0.6,1
3.9737529294656952,1.4,20.4,0.6,1
4.090909090909091,2.8,12.4,1.0,1
3.8125,2.8,12.4,1.0,1
3.8333333333333335,2.8,12.4,1.0,1
4.035714285714286,2.8,12.4,1.0,1
3.9166666666666665,2.8,12.4,1.0,1
4.064516129032258,2.8,12.4,1.0,1
4.142857142857143,2.8,12.4,1.0,1
3.583333333333333,2.8,12.4,1.0,1
3.9737529294656952,2.8,12.4,1.0,1
4.181818181818182,4.333333333333333,5.666666666666667,0.3333333333333333,1
4.117021276595745,4.333333333333333,5.666666666666667,0.3333333333333333,1
4.161764705882353,4.333333333333333,5.666666666666667,0.3333333333333333,1
4.235294117647059,4.333333333333333,5.666666666666667,0.3333333333333333,1
4.088235294117647,4.333333333333333,5.666666666666667,0.3333333333333333,1
4.166666666666667,4.333333333333333,5.666666666666667,0.3333333333333333,1
4.288461538461538,4.333333333333333,5.666666666666667,0.3333333333333333,1
3.590909090909091,4.333333333333333,5.666666666666667,0.3333333333333333,1
3.9737529294656952,4.333333333333333,5.666666666666667,0.3333333333333333,1
4.108108108108108,5.333333333333333,0.0,0.6666666666666666,1
3.967391304347826,5.333333333333333,0.0,0.6666666666666666,1
4.135135135135135,5.333333333333333,0.0,0.6666666666666666,1
4.138888888888889,5.333333333333333,0.0,0.6666666666666666,1
4.142857142857143,5.333333333333333,0.0,0.6666666666666666,1
4.2,5.333333333333333,0.0,0.6666666666666666,1
4.12,5.333333333333333,0.0,0.6666666666666666,1
3.909090909090909,5.333333333333333,0.0,0.6666666666666666,1
3.9737529294656952,5.333333333333333,0.0,0.6666666666666666,1
3.44,0.3333333333333333,11.333333333333334,0.3333333333333333,0
3.7083333333333335,0.3333333333333333,11.333333333333334,0.3333333333333333,0
3.595238095238096,0.3333333333333333,11.333333333333334,0.3333333333333333,0
3.9375,0.3333333333333333,11.333333333333334,0.3333333333333333,0
3.675675675675676,0.3333333333333333,11.333333333333334,0.3333333333333333,0
3.8,0.3333333333333333,11.333333333333334,0.3333333333333333,0
3.6052631578947367,0.3333333333333333,11.333333333333334,0.3333333333333333,0
3.75,0.3333333333333333,11.333333333333334,0.3333333333333333,0
3.9737529294656952,0.3333333333333333,11.333333333333334,0.3333333333333333,0
4.111111111111111,0.875,22.315625,0.75,0
3.532608695652174,0.875,22.315625,0.75,0
3.627906976744186,0.875,22.315625,0.75,0
3.925925925925926,0.875,22.315625,0.75,0
3.68,0.875,22.315625,0.75,0
3.8125,0.875,22.315625,0.75,0
3.8125,0.875,22.315625,0.75,0
2.6984687609687614,0.875,22.315625,0.75,0
3.9737529294656952,0.875,22.315625,0.75,0
4.16,5.2,6.4,0.4,1
4.029411764705882,5.2,6.4,0.4,1
4.035714285714286,5.2,6.4,0.4,1
4.166666666666667,5.2,6.4,0.4,1
4.090909090909091,5.2,6.4,0.4,1
4.260869565217392,5.2,6.4,0.4,1
4.384615384615385,5.2,6.4,0.4,1
3.9583333333333335,5.2,6.4,0.4,1
3.9737529294656952,5.2,6.4,0.4,1
4.5625,4.6,1.2,1.0,1
4.648148148148148,4.6,1.2,1.0,1
4.764705882352941,4.6,1.2,1.0,1
4.827586206896552,4.6,1.2,1.0,1
4.672413793103448,4.6,1.2,1.0,1
4.793103448275862,4.6,1.2,1.0,1
4.764705882352941,4.6,1.2,1.0,1
4.6,4.6,1.2,1.0,1
3.9737529294656952,4.6,1.2,1.0,1
